{
    "$schema": "https://schema.management.azure.com/schemas/2015-01-01/deploymentTemplate.json#",
    "contentVersion": "1.0.0.0",
    "parameters": {
        "A1": {
            "type": "string"
        },
        "A2": {
            "type": "string"
        },
        "B1": {
            "type": "string"
        },
        "B2": {
            "type": "string"
        }
    },
    "variables": {},
    "resources": [
        {
            "type": "Microsoft.Network/networkSecurityGroups/securityRules",
            "name": "NSG/Inbound-A1-B2",
            "apiVersion": "2018-12-01",
            "scale": null,
            "properties": {
                "provisioningState": "Succeeded",
                "protocol": "*",
                "sourcePortRange": "*",
                "destinationPortRange": "*",
                "access": "allow",
                "priority": 150,
                "direction": "Inbound",

                "sourceApplicationSecurityGroups": [
                    {
                        "id": "[parameters('A1')]"
                    }
                ],
                "destinationApplicationSecurityGroups": [
                    {
                        "id": "[parameters('B2')]"
                    }
                ]
            }
        },

        {
            "type": "Microsoft.Network/networkSecurityGroups/securityRules",
            "name": "NSG/Inbound-A2-B1",
            "apiVersion": "2018-12-01",
            "scale": null,
            "properties": {
                "provisioningState": "Succeeded",
                "protocol": "*",
                "sourcePortRange": "*",
                "destinationPortRange": "*",
                "access": "allow",
                "priority": 149,
                "direction": "Inbound",
                "sourcePortRanges": [],
                "sourceApplicationSecurityGroups": [
                    {
                        "id": "[parameters('A2')]"
                    }
                ],
                "destinationAddressPrefixes": [],
                "destinationApplicationSecurityGroups": [
                    {
                        "id": "[parameters('B1')]"
                    }
                ]
            }
        },

        {
            "type": "Microsoft.Network/networkSecurityGroups/securityRules",
            "name": "NSG/AllDeny",
            "apiVersion": "2018-12-01",
            "scale": null,
            "properties": {
                "provisioningState": "Succeeded",
                "protocol": "*",
                "sourcePortRange": "*",
                "destinationPortRange": "*",
                "sourceAddressPrefix": "*",
                "destinationAddressPrefix": "*",
                "access": "deny",
                "priority": 400,
                "direction": "Inbound"

            }
        },
        {
            "type": "Microsoft.Network/networkSecurityGroups/securityRules",
            "name": "NSG/RDPA1",
            "apiVersion": "2018-12-01",
            "scale": null,
            "properties": {
                "provisioningState": "Succeeded",
                "protocol": "*",
                "sourcePortRange": "*",
                "destinationPortRange": "3389",
                "sourceAddressPrefix": "*",
                "access": "allow",
                "priority": 159,
                "direction": "Inbound",
                "destinationApplicationSecurityGroups": [
                    {
                        "id": "[parameters('A1')]"
                    }
                ]

            }
        },
        {
            "type": "Microsoft.Network/networkSecurityGroups/securityRules",
            "name": "NSG/RDPA2",
            "apiVersion": "2018-12-01",
            "scale": null,
            "properties": {
                "provisioningState": "Succeeded",
                "protocol": "*",
                "sourcePortRange": "*",
                "destinationPortRange": "3389",
                "sourceAddressPrefix": "*",
                "access": "allow",
                "priority": 158,
                "direction": "Inbound",
                "destinationApplicationSecurityGroups": [
                    {
                        "id": "[parameters('A2')]"
                    }
                ]

            }
        }
        
    ]
}