{
    "$schema": "https://schema.management.azure.com/schemas/2015-01-01/deploymentTemplate.json#",
    "contentVersion": "1.0.0.0",
    "parameters": {
        "virtualMachineAdminUserName": {
            "type": "string"
        },
        "virtualMachineAdminPassword": {
            "type": "securestring"
        },
        "virtualMachineNamePrefix": {
            "type": "string"
        },
        "NSGID": {
            "type": "string"       
        },
        "SubnetID": {
            "type": "string"
        },
        "virtualMachineCount": {
            "type": "int"
        },
        "dnsPrefixForPublicIP": {
            "type": "string",
            "minLength": 1,
            "maxLength": 14,
            "defaultValue": "[uniqueString(resourceGroup().id)]"
        }
    },
    "variables": {
        "myVNETName": "VNET",
        "myVNETPrefix": "10.0.0.0/16",
        "myVNETSubnet1Name": "Subnet1",
        "myVNETSubnet1Prefix": "10.0.0.0/24",
        "subnetRef": "[resourceId('Microsoft.Network/virtualNetworks/subnets', variables('myVNETName'),  variables('myVNETSubnet1Name'))]"
    },
    "resources": [
        {
            "name": "[concat(parameters('virtualMachineNamePrefix'), copyIndex(1))]",
            "type": "Microsoft.Network/applicationSecurityGroups",
            "apiVersion": "2017-10-01",
            "location": "[resourceGroup().location]",
            "copy": {
                "name": "ASGcopy",
                "count": "[parameters('virtualMachineCount')]"
            },
            "properties": {}
        },
        {
            "type": "Microsoft.Compute/virtualMachines",
            "name": "[concat(parameters('virtualMachineNamePrefix'), copyIndex(1))]",
            "apiVersion": "2017-03-30",
            "location": "[resourceGroup().location]",
            "copy": {
                "name": "VMcopy",
                "count": "[parameters('virtualMachineCount')]"
            },
            "properties": {
                "hardwareProfile": {
                    "vmSize": "Standard_DS1_v2"
                },
                "storageProfile": {
                    "imageReference": {
                        "publisher": "MicrosoftWindowsServer",
                        "offer": "WindowsServer",
                        "sku": "2012-R2-Datacenter",
                        "version": "latest"
                    },
                    "osDisk": {
                        "name": "[concat(parameters('virtualMachineNamePrefix'),copyIndex(1))]",
                        "createOption": "FromImage",
                        "managedDisk": {
                            "storageAccountType": "Premium_LRS"
                        },
                        "caching": "ReadWrite"
                    }
                },
                "osProfile": {
                    "computerName": "[concat(parameters('virtualMachineNamePrefix'),copyIndex(1))]",
                    "adminUsername": "[parameters('virtualMachineAdminUserName')]",
                    "windowsConfiguration": {
                        "provisionVMAgent": true
                    },
                    "secrets": [],
                    "adminPassword": "[parameters('virtualMachineAdminPassword')]"
                },
                "networkProfile": {
                    "networkInterfaces": [
                        {
                            "id": "[resourceId('Microsoft.Network/networkInterfaces', concat(parameters('virtualMachineNamePrefix'), copyIndex(1)))]"
                        }
                    ]
                }
            },
            "dependsOn": [
                "[resourceId('Microsoft.Network/networkInterfaces', concat(parameters('virtualMachineNamePrefix'), copyIndex(1)))]"
            ]
        },
        {
            "type": "Microsoft.Network/networkInterfaces",
            "name": "[concat(parameters('virtualMachineNamePrefix'), copyIndex(1))]",
            "apiVersion": "2017-10-01",
            "location": "[resourceGroup().location]",
            "copy": {
                "name": "NICCopy",
                "count": "[parameters('virtualMachineCount')]"
            },
            "properties": {
                "networkSecurityGroup": {
                    "id": "[parameters('NSGID')]"
                },
                "ipConfigurations": [
                    {
                        "name": "ipconfig1",
                        "properties": {
                            "applicationSecurityGroups": [
                                {
                                    "id": "[resourceId('Microsoft.Network/applicationSecurityGroups',concat(parameters('virtualMachineNamePrefix'), copyIndex(1)))]"
                                }
                            ],
                            "privateIPAllocationMethod": "Dynamic",
                            "publicIPAddress": {
                                "id": "[resourceId('Microsoft.Network/publicIPAddresses', concat(parameters('virtualMachineNamePrefix'), copyIndex(1)))]"
                            },
                            "subnet": {
                                "id": "[parameters('SubnetID')]"
                            }
                        }
                    }
                ],
                "dnsSettings": {
                    "dnsServers": []
                },
                "enableIPForwarding": false
            },
            "dependsOn": [
                "[resourceId('Microsoft.Network/publicIPAddresses', concat(parameters('virtualMachineNamePrefix'), copyIndex(1)))]"
                
            ]
        },

        {
            "apiVersion": "2016-03-30",
            "type": "Microsoft.Network/publicIPAddresses",
            "name": "[concat(parameters('virtualMachineNamePrefix'), copyIndex(1))]",
            "location": "[resourceGroup().location]",
            "copy": {
                "name": "PIPCopy",
                "count": "[parameters('virtualMachineCount')]"
            },
            "properties": {
                "publicIPAllocationMethod": "Dynamic",
                "dnsSettings": {
                    "domainNameLabel": "[concat(parameters('dnsPrefixForPublicIP'), copyIndex(1))]"
                }
            }
        }
    ],
    "outputs": {}
}