{
    "$schema": "https://schema.management.azure.com/schemas/2015-01-01/deploymentTemplate.json#",
    "contentVersion": "1.0.0.0",
    "parameters": {},
    "variables": {
        "myVNETName": "VNET",
        "myVNETPrefix": "10.0.0.0/16",
        "myVNETSubnet1Name": "Subnet1",
        "myVNETSubnet1Prefix": "10.0.0.0/24",
        "subnetRef": "[resourceId('Microsoft.Network/virtualNetworks/subnets', variables('myVNETName'),  variables('myVNETSubnet1Name'))]"
    },
    "resources": [
        {
            "name": "[variables('myVNETName')]",
            "type": "Microsoft.Network/virtualNetworks",
            "location": "[resourceGroup().location]",
            "apiVersion": "2016-03-30",
            "properties": {
                "addressSpace": {
                    "addressPrefixes": [
                        "[variables('myVNETPrefix')]"
                    ]
                },
                "subnets": [
                    {
                        "name": "[variables('myVNETSubnet1Name')]",
                        "properties": {
                            "addressPrefix": "[variables('myVNETSubnet1Prefix')]"
                        }
                    }
                ]
            }
        },
        {
            "apiVersion": "2017-10-01",
            "type": "Microsoft.Network/networkSecurityGroups",
            "dependsOn": [
                "[resourceId('Microsoft.Network/virtualNetworks', variables('myVNETName'))]"
            ],
            "name": "NSG",
            "location": "[resourceGroup().location]",
            "properties": {
                "securityRules": []
            }
        }
    ],
    "outputs": {}
}